{"cameraMode":{"drawMode":0,"name":"Shaded","section":"Shading Mode"},"sceneLighting":true,"audioPlay":false,"sceneViewState":{"m_AlwaysRefresh":false,"showFog":true,"showSkybox":true,"showFlares":true,"showImageEffects":true,"showParticleSystems":true,"showVisualEffectGraphs":true,"m_FxEnabled":true},"in2DMode":false,"pivot":{"x":80.17311096191406,"y":45.69414520263672,"z":26.619857788085939},"rotation":{"x":-0.20874539017677308,"y":-0.07385354489088059,"z":0.015808921307325364,"w":-0.9750816822052002},"size":80.22896575927735,"orthographic":true}