{"cameraMode":{"drawMode":0,"name":"Shaded","section":"Shading Mode"},"sceneLighting":true,"audioPlay":false,"sceneViewState":{"m_AlwaysRefresh":false,"showFog":true,"showSkybox":true,"showFlares":true,"showImageEffects":true,"showParticleSystems":true,"showVisualEffectGraphs":true,"m_FxEnabled":true},"in2DMode":false,"pivot":{"x":4.692390441894531,"y":0.6527750492095947,"z":1.5966272354125977},"rotation":{"x":0.14417406916618348,"y":0.49421608448028567,"z":-0.08352150768041611,"w":0.8532446622848511},"size":17.369367599487306,"orthographic":true}