{"cameraMode":{"drawMode":0,"name":"Shaded","section":"Shading Mode"},"sceneLighting":true,"audioPlay":false,"sceneViewState":{"m_AlwaysRefresh":false,"showFog":true,"showSkybox":true,"showFlares":true,"showImageEffects":true,"showParticleSystems":true,"showVisualEffectGraphs":true,"m_FxEnabled":true},"in2DMode":false,"pivot":{"x":1.2901546955108643,"y":1.8622591495513917,"z":2.2414350509643556},"rotation":{"x":0.04789871722459793,"y":-0.9458840489387512,"z":0.16421428322792054,"w":0.27588754892349245},"size":2.349639654159546,"orthographic":true}