{"cameraMode":{"drawMode":0,"name":"Shaded","section":"Shading Mode"},"sceneLighting":true,"audioPlay":false,"sceneViewState":{"m_AlwaysRefresh":false,"showFog":true,"showSkybox":true,"showFlares":true,"showImageEffects":true,"showParticleSystems":true,"showVisualEffectGraphs":true,"m_FxEnabled":true},"in2DMode":false,"pivot":{"x":0.8593533039093018,"y":0.2599375247955322,"z":2.024036407470703},"rotation":{"x":-0.13985571265220643,"y":-0.14705495536327363,"z":0.021013114601373674,"w":-0.9789985418319702},"size":3.6048083305358888,"orthographic":true}