{"cameraMode":{"drawMode":0,"name":"Shaded","section":"Shading Mode"},"sceneLighting":true,"audioPlay":false,"sceneViewState":{"m_AlwaysRefresh":false,"showFog":true,"showSkybox":true,"showFlares":true,"showImageEffects":true,"showParticleSystems":true,"showVisualEffectGraphs":true,"m_FxEnabled":true},"in2DMode":false,"pivot":{"x":-0.27703461050987246,"y":1.8412692546844483,"z":-0.4074769914150238},"rotation":{"x":0.12815648317337037,"y":0.47256389260292055,"z":-0.06968366354703903,"w":0.8691468834877014},"size":5.421024322509766,"orthographic":true}