{"cameraMode":{"drawMode":0,"name":"Shaded","section":"Shading Mode"},"sceneLighting":true,"audioPlay":false,"sceneViewState":{"m_AlwaysRefresh":false,"showFog":true,"showSkybox":true,"showFlares":true,"showImageEffects":true,"showParticleSystems":true,"showVisualEffectGraphs":true,"m_FxEnabled":true},"in2DMode":false,"pivot":{"x":1.1964545249938965,"y":-0.6262967586517334,"z":3.5503158569335939},"rotation":{"x":-0.2989582419395447,"y":-0.04206055775284767,"z":0.013199461624026299,"w":-0.953278124332428},"size":5.380423545837402,"orthographic":true}