{"cameraMode":{"drawMode":0,"name":"Shaded","section":"Shading Mode"},"sceneLighting":true,"audioPlay":false,"sceneViewState":{"m_AlwaysRefresh":false,"showFog":true,"showSkybox":true,"showFlares":true,"showImageEffects":true,"showParticleSystems":true,"showVisualEffectGraphs":true,"m_FxEnabled":true},"in2DMode":false,"pivot":{"x":-0.11586335301399231,"y":0.7453821897506714,"z":-0.10620975494384766},"rotation":{"x":0.17403683066368104,"y":-0.1494383066892624,"z":0.026730021461844446,"w":0.9729676842689514},"size":5.037118911743164,"orthographic":false}