{"cameraMode":{"drawMode":0,"name":"Shaded","section":"Shading Mode"},"sceneLighting":true,"audioPlay":false,"sceneViewState":{"m_AlwaysRefresh":false,"showFog":true,"showSkybox":true,"showFlares":true,"showImageEffects":true,"showParticleSystems":true,"showVisualEffectGraphs":true,"m_FxEnabled":true},"in2DMode":false,"pivot":{"x":-0.000032901763916015625,"y":0.9271197319030762,"z":0.00991252064704895},"rotation":{"x":0.2594764530658722,"y":-0.04778576269745827,"z":0.01285555586218834,"w":0.9644815921783447},"size":0.8660253882408142,"orthographic":false}