{"cameraMode":{"drawMode":0,"name":"Shaded","section":"Shading Mode"},"sceneLighting":true,"audioPlay":false,"sceneViewState":{"m_AlwaysRefresh":false,"showFog":true,"showSkybox":true,"showFlares":true,"showImageEffects":true,"showParticleSystems":true,"showVisualEffectGraphs":true,"m_FxEnabled":true},"in2DMode":false,"pivot":{"x":50.835853576660159,"y":13.072948455810547,"z":40.73041534423828},"rotation":{"x":-0.26559239625930788,"y":0.06300552189350128,"z":-0.017386993393301965,"w":-0.9619110226631165},"size":42.43974685668945,"orthographic":true}