{"cameraMode":{"drawMode":0,"name":"Shaded","section":"Shading Mode"},"sceneLighting":true,"audioPlay":false,"sceneViewState":{"m_AlwaysRefresh":false,"showFog":true,"showSkybox":true,"showFlares":true,"showImageEffects":true,"showParticleSystems":true,"showVisualEffectGraphs":true,"m_FxEnabled":true},"in2DMode":false,"pivot":{"x":1.3795009851455689,"y":4.45214319229126,"z":-6.631142616271973},"rotation":{"x":-0.2632705271244049,"y":-0.0005736583843827248,"z":0.00016423393390141428,"w":-0.9647749662399292},"size":6.200804710388184,"orthographic":true}