{"cameraMode":{"drawMode":0,"name":"Shaded","section":"Shading Mode"},"sceneLighting":true,"audioPlay":false,"sceneViewState":{"m_AlwaysRefresh":false,"showFog":true,"showSkybox":true,"showFlares":true,"showImageEffects":true,"showParticleSystems":true,"showVisualEffectGraphs":true,"m_FxEnabled":true},"in2DMode":false,"pivot":{"x":1.6531898975372315,"y":0.6651413440704346,"z":2.738302230834961},"rotation":{"x":0.04967814311385155,"y":-0.9423173666000366,"z":0.16213922202587129,"w":0.2887062728404999},"size":82.25141143798828,"orthographic":true}