{"cameraMode":{"drawMode":0,"name":"Shaded","section":"Shading Mode"},"sceneLighting":true,"audioPlay":false,"sceneViewState":{"m_AlwaysRefresh":false,"showFog":true,"showSkybox":true,"showFlares":true,"showImageEffects":true,"showParticleSystems":true,"showVisualEffectGraphs":true,"m_FxEnabled":true},"in2DMode":false,"pivot":{"x":1.5698333978652955,"y":3.405285596847534,"z":-6.581704139709473},"rotation":{"x":0.17382043600082398,"y":-0.2651928663253784,"z":0.04866810888051987,"w":0.9471490383148193},"size":11.094566345214844,"orthographic":true}